<ImportExportXml xmlns:xsi="http://www.w3.org/2001/XMLSchema-instance">
  <Entities></Entities>
  <Roles></Roles>
  <Workflows></Workflows>
  <FieldSecurityProfiles></FieldSecurityProfiles>
  <Templates />
  <EntityMaps />
  <EntityRelationships />
  <OrganizationSettings />
  <optionsets />
  <CustomControls />
  <EntityDataProviders />
  <CanvasApps>
    <CanvasApp>
      <Name>cr57c_animatedfabcomponent_cc7d3</Name>
      <AppVersion>2023-06-13T22:19:15Z</AppVersion>
      <Status>Ready</Status>
      <CreatedByClientVersion>3.23055.18.0</CreatedByClientVersion>
      <MinClientVersion>3.23055.18.0</MinClientVersion>
      <Tags>{"primaryDeviceWidth":"176","primaryDeviceHeight":"176","supportsPortrait":"true","supportsLandscape":"true","primaryFormFactor":"Phone","publisherVersion":"3.23055.18","minimumRequiredApiVersion":"2.2.0","hasComponent":"true","hasUnlockedComponent":"true","isUnifiedRootApp":"false","sienaVersion":"20230611T134842Z-3.23053.41.0"}</Tags>
      <IsCdsUpgraded>0</IsCdsUpgraded>
      <GalleryItemId xsi:nil="true"></GalleryItemId>
      <BackgroundColor>RGBA(251,101,60,255)</BackgroundColor>
      <DisplayName>Animated FAB Component</DisplayName>
      <Description xsi:nil="true"></Description>
      <CommitMessage xsi:nil="true"></CommitMessage>
      <Publisher></Publisher>
      <AuthorizationReferences>[]</AuthorizationReferences>
      <ConnectionReferences>{}</ConnectionReferences>
      <DatabaseReferences>{}</DatabaseReferences>
      <AppComponents>[{"appComponentName":"d651cb9ab889472e8ffc9e7c442c3e40","displayName":"comAnimatedFAB","appName":"bee948a2-4206-4655-82d7-b66ded34a566","appVersion":"2023-06-13T22:19:15Z","appComponentLibraryLogicalName":"cr57c_animatedfabcomponent_cc7d3","appDisplayName":"Animated FAB Component","environmentName":"54cec459-4cfd-4622-99a2-3b609a5086da","owner":{"id":"11e832a7-7aed-44cb-99d3-ffdb2e0b4a26","displayName":"Timothy Shaw","email":"tim@wyotim.com","type":"User","tenantId":"283f1bfd-e758-4f6e-a18d-b86e107bad7e","userPrincipalName":"tim@wyotim.com"},"allowCustomization":true,"createdOn":"2023-05-28T16:41:28.686Z","lastModifiedOn":"2023-06-13T22:18:04.192Z","connectionReferences":{},"databaseReferences":{}}]</AppComponents>
      <AppComponentDependencies>[]</AppComponentDependencies>
      <CanConsumeAppPass>1</CanConsumeAppPass>
      <CanvasAppType>1</CanvasAppType>
      <BypassConsent>0</BypassConsent>
      <AdminControlBypassConsent>0</AdminControlBypassConsent>
      <EmbeddedApp xsi:nil="true"></EmbeddedApp>
      <IntroducedVersion>1.0</IntroducedVersion>
      <CdsDependencies>{"cdsdependencies":[]}</CdsDependencies>
      <IsCustomizable>1</IsCustomizable>
      <BackgroundImageUri>/CanvasApps/cr57c_animatedfabcomponent_cc7d3_BackgroundImageUri</BackgroundImageUri>
      <DocumentUri>/CanvasApps/cr57c_animatedfabcomponent_cc7d3_DocumentUri.msapp</DocumentUri>
    </CanvasApp>
    <CanvasApp>
      <Name>tim_animatedfabtest_ac032</Name>
      <AppVersion>2023-06-13T22:28:19Z</AppVersion>
      <Status>Ready</Status>
      <CreatedByClientVersion>3.23055.18.0</CreatedByClientVersion>
      <MinClientVersion>3.23055.18.0</MinClientVersion>
      <Tags>{"primaryDeviceWidth":"640","primaryDeviceHeight":"1136","supportsPortrait":"true","supportsLandscape":"true","primaryFormFactor":"Phone","publisherVersion":"3.23055.18","minimumRequiredApiVersion":"2.2.0","hasComponent":"true","hasUnlockedComponent":"false","isUnifiedRootApp":"false","sienaVersion":"20230611T135056Z-3.23053.41.0"}</Tags>
      <IsCdsUpgraded>0</IsCdsUpgraded>
      <GalleryItemId xsi:nil="true"></GalleryItemId>
      <BackgroundColor>RGBA(0,176,240,1)</BackgroundColor>
      <DisplayName>Animated FAB Test</DisplayName>
      <Description>Test app for animated floating action button component</Description>
      <CommitMessage xsi:nil="true"></CommitMessage>
      <Publisher></Publisher>
      <AuthorizationReferences>[]</AuthorizationReferences>
      <ConnectionReferences>{"ddc1b35f-8a8c-4d61-bf1b-809691614ab8":{"id":"/providers/microsoft.powerapps/apis/shared_logicflows","displayName":"Logic flows","iconUri":"https://connectoricons-prod.azureedge.net/releases/v1.0.1636/1.0.1636.3297/logicflows/icon.png","dataSources":["CreatefileinSharePointdoclibrary"],"dependencies":["37fcaabd-e315-4b90-941e-f9db1aff37b6","955374ed-74c2-4d35-896d-b95abc83bb1f"],"dependents":[],"parameterHints":{"workflowName":{"value":"8e0f81c7-2b03-496e-af36-45eacc803f41"},"workflowEntityId":{},"37fcaabd-e315-4b90-941e-f9db1aff37b6":{"value":"shared_onedriveforbusiness"},"955374ed-74c2-4d35-896d-b95abc83bb1f":{"value":"shared_sharepointonline"}},"parameterHintsV2":{"workflowName":{"value":"8e0f81c7-2b03-496e-af36-45eacc803f41"},"workflowEntityId":{},"shared_onedriveforbusiness":{"value":"37fcaabd-e315-4b90-941e-f9db1aff37b6"},"shared_sharepointonline":{"value":"955374ed-74c2-4d35-896d-b95abc83bb1f"}},"isOnPremiseConnection":false,"bypassConsent":false,"dataSets":{},"apiTier":"Standard"},"9feaa49d-2109-4fab-95c0-037362d84fa3":{"id":"/providers/microsoft.powerapps/apis/shared_logicflows","displayName":"Logic flows","iconUri":"https://connectoricons-prod.azureedge.net/releases/v1.0.1636/1.0.1636.3297/logicflows/icon.png","dataSources":["GetSharePointPDFfrompath"],"dependencies":["271cd055-6cb1-4b56-9d86-79fd865822fb"],"dependents":[],"parameterHints":{"workflowName":{"value":"95eeef34-2f84-45d6-b192-21c0db78debf"},"workflowEntityId":{},"271cd055-6cb1-4b56-9d86-79fd865822fb":{"value":"shared_sharepointonline"}},"parameterHintsV2":{"workflowName":{"value":"95eeef34-2f84-45d6-b192-21c0db78debf"},"workflowEntityId":{},"shared_sharepointonline":{"value":"271cd055-6cb1-4b56-9d86-79fd865822fb"}},"isOnPremiseConnection":false,"bypassConsent":false,"dataSets":{},"apiTier":"Standard"},"d2e566a0-216e-4ad8-ae64-44b1978bd53e":{"id":"/providers/microsoft.powerapps/apis/shared_logicflows","displayName":"Logic flows","iconUri":"https://connectoricons-prod.azureedge.net/releases/v1.0.1636/1.0.1636.3297/logicflows/icon.png","dataSources":["CreateandemailPDF,saveinOneDrive"],"dependencies":["b897baa1-9c6f-45ee-9bdb-7437f2f5f808","cdae2201-c441-422a-b537-afedcbd7eeec"],"dependents":[],"parameterHints":{"workflowName":{"value":"39b1ab52-041c-45d4-9e69-26227a9a0c84"},"workflowEntityId":{},"b897baa1-9c6f-45ee-9bdb-7437f2f5f808":{"value":"shared_onedriveforbusiness"},"cdae2201-c441-422a-b537-afedcbd7eeec":{"value":"shared_office365"}},"parameterHintsV2":{"workflowName":{"value":"39b1ab52-041c-45d4-9e69-26227a9a0c84"},"workflowEntityId":{},"shared_onedriveforbusiness":{"value":"b897baa1-9c6f-45ee-9bdb-7437f2f5f808"},"shared_office365":{"value":"cdae2201-c441-422a-b537-afedcbd7eeec"}},"isOnPremiseConnection":false,"bypassConsent":false,"dataSets":{},"apiTier":"Standard"},"cdae2201-c441-422a-b537-afedcbd7eeec":{"id":"/providers/microsoft.powerapps/apis/shared_office365","displayName":"Office 365 Outlook","iconUri":"https://connectoricons-prod.azureedge.net/u/shgogna/globalperconnector-train1/1.0.1639.3313/office365/icon.png","dataSources":[],"dependencies":[],"dependents":["d2e566a0-216e-4ad8-ae64-44b1978bd53e"],"parameterHints":{},"parameterHintsV2":{},"isOnPremiseConnection":false,"bypassConsent":false,"dataSets":{},"apiTier":"Standard"}}</ConnectionReferences>
      <DatabaseReferences>{}</DatabaseReferences>
      <AppComponents>[]</AppComponents>
      <AppComponentDependencies>[{"appComponentName":"d651cb9ab889472e8ffc9e7c442c3e40","appName":"d2423443-a1b2-4710-9941-edc81d2a93dd","appComponentLibraryName":"bee948a2-4206-4655-82d7-b66ded34a566","appComponentLibraryVersion":"2023-06-13T22:19:15Z","appComponentLibraryLogicalName":"cr57c_animatedfabcomponent_cc7d3","environmentName":"54cec459-4cfd-4622-99a2-3b609a5086da"}]</AppComponentDependencies>
      <CanConsumeAppPass>1</CanConsumeAppPass>
      <CanvasAppType>0</CanvasAppType>
      <BypassConsent>0</BypassConsent>
      <AdminControlBypassConsent>0</AdminControlBypassConsent>
      <EmbeddedApp xsi:nil="true"></EmbeddedApp>
      <IntroducedVersion>1.0</IntroducedVersion>
      <CdsDependencies>{"cdsdependencies":[{"logicalname":"cr57c_animatedfabcomponent_cc7d3","componenttype":300,"componenttypeplatformname":"CanvasApp"}]}</CdsDependencies>
      <IsCustomizable>1</IsCustomizable>
      <BackgroundImageUri>/CanvasApps/tim_animatedfabtest_ac032_BackgroundImageUri</BackgroundImageUri>
      <DocumentUri>/CanvasApps/tim_animatedfabtest_ac032_DocumentUri.msapp</DocumentUri>
    </CanvasApp>
  </CanvasApps>
  <Languages>
    <Language>1033</Language>
  </Languages>
</ImportExportXml>